{"cameraMode":{"drawMode":0,"name":"Shaded","section":"Shading Mode"},"sceneLighting":false,"audioPlay":false,"sceneViewState":{"showFog":true,"showMaterialUpdate":false,"showSkybox":false,"showFlares":true,"showImageEffects":true,"showParticleSystems":true},"in2DMode":false,"pivot":{"x":3.418745994567871,"y":4.022298336029053,"z":-2.3470630645751955},"rotation":{"x":-0.03557290881872177,"y":-0.9659750461578369,"z":0.19985048472881318,"w":-0.1630525290966034},"size":23.334529876708986,"orthographic":false}