{"cameraMode":{"drawMode":0,"name":"Shaded","section":"Shading Mode"},"sceneLighting":false,"audioPlay":false,"sceneViewState":{"showFog":true,"showMaterialUpdate":false,"showSkybox":false,"showFlares":true,"showImageEffects":true,"showParticleSystems":true},"in2DMode":false,"pivot":{"x":0.0,"y":-60.530006408691409,"z":0.5199999809265137},"rotation":{"x":0.020168134942650796,"y":0.9793202877044678,"z":-0.15440985560417176,"w":0.13130736351013184},"size":206.22459411621095,"orthographic":false}