{"cameraMode":{"drawMode":0,"name":"Shaded","section":"Shading Mode"},"sceneLighting":false,"audioPlay":false,"sceneViewState":{"showFog":true,"showMaterialUpdate":false,"showSkybox":false,"showFlares":true,"showImageEffects":true,"showParticleSystems":true},"in2DMode":false,"pivot":{"x":0.00002975165261887014,"y":0.00007999928493518382,"z":0.0000582907632633578},"rotation":{"x":0.22088523209095,"y":-0.1705210655927658,"z":-0.03909808397293091,"w":-0.9597371816635132},"size":0.00005715767838410102,"orthographic":false}