{"cameraMode":{"drawMode":0,"name":"Shaded","section":"Shading Mode"},"sceneLighting":false,"audioPlay":false,"sceneViewState":{"showFog":true,"showMaterialUpdate":false,"showSkybox":false,"showFlares":true,"showImageEffects":true,"showParticleSystems":true},"in2DMode":false,"pivot":{"x":14.03117561340332,"y":-1.0691674947738648,"z":-1.414932370185852},"rotation":{"x":0.07472994178533554,"y":-0.12497744709253311,"z":0.008919179439544678,"w":0.9895235896110535},"size":8.950971603393555,"orthographic":false}