{"cameraMode":{"drawMode":0,"name":"Shaded","section":"Shading Mode"},"sceneLighting":false,"audioPlay":false,"sceneViewState":{"showFog":true,"showMaterialUpdate":false,"showSkybox":false,"showFlares":true,"showImageEffects":true,"showParticleSystems":true},"in2DMode":false,"pivot":{"x":31.2319393157959,"y":-3.747946262359619,"z":-9.701482772827149},"rotation":{"x":0.0026723197661340238,"y":0.1825217455625534,"z":0.0003300563548691571,"w":-0.9834341406822205},"size":1.171578049659729,"orthographic":false}