{"cameraMode":{"drawMode":0,"name":"Shaded","section":"Shading Mode"},"sceneLighting":false,"audioPlay":false,"sceneViewState":{"showFog":true,"showMaterialUpdate":false,"showSkybox":false,"showFlares":true,"showImageEffects":true,"showParticleSystems":true},"in2DMode":false,"pivot":{"x":0.8549727201461792,"y":0.2578471601009369,"z":0.7273746132850647},"rotation":{"x":0.13953255116939546,"y":-0.7308336496353149,"z":0.15737608075141908,"w":0.6500164866447449},"size":5.715777397155762,"orthographic":false}