{"cameraMode":{"drawMode":0,"name":"Shaded","section":"Shading Mode"},"sceneLighting":false,"audioPlay":false,"sceneViewState":{"showFog":true,"showMaterialUpdate":false,"showSkybox":false,"showFlares":true,"showImageEffects":true,"showParticleSystems":true},"in2DMode":false,"pivot":{"x":16.06345558166504,"y":0.2941831648349762,"z":-5.903763771057129},"rotation":{"x":0.08606567233800888,"y":-0.694919764995575,"z":0.0836949497461319,"w":0.7093081474304199},"size":8.950971603393555,"orthographic":false}