{"cameraMode":{"drawMode":0,"name":"Shaded","section":"Shading Mode"},"sceneLighting":false,"audioPlay":false,"sceneViewState":{"showFog":true,"showMaterialUpdate":false,"showSkybox":false,"showFlares":true,"showImageEffects":true,"showParticleSystems":true},"in2DMode":false,"pivot":{"x":48.683998107910159,"y":1.399999976158142,"z":-3.6080000400543215},"rotation":{"x":-0.09006378054618836,"y":0.05180469900369644,"z":-0.005536867771297693,"w":-0.9950305223464966},"size":5.658322334289551,"orthographic":false}