{"cameraMode":{"drawMode":0,"name":"Shaded","section":"Shading Mode"},"sceneLighting":true,"audioPlay":false,"sceneViewState":{"showFog":true,"showMaterialUpdate":false,"showSkybox":true,"showFlares":true,"showImageEffects":true,"showParticleSystems":true},"in2DMode":false,"pivot":{"x":1.7166146039962769,"y":93.72671508789063,"z":-29.08762550354004},"rotation":{"x":0.38287702202796938,"y":-0.47426363825798037,"z":0.2419639527797699,"w":0.755541980266571},"size":12.384249687194825,"orthographic":false}