{"cameraMode":{"drawMode":0,"name":"Shaded","section":"Shading Mode"},"sceneLighting":false,"audioPlay":false,"sceneViewState":{"showFog":true,"showMaterialUpdate":false,"showSkybox":false,"showFlares":true,"showImageEffects":true,"showParticleSystems":true},"in2DMode":false,"pivot":{"x":-10.048999786376954,"y":1.440000057220459,"z":44.33700180053711},"rotation":{"x":0.21287816762924195,"y":-0.4356006383895874,"z":0.10656452924013138,"w":0.8683528304100037},"size":0.5850392580032349,"orthographic":false}