{"cameraMode":{"drawMode":0,"name":"Shaded","section":"Shading Mode"},"sceneLighting":false,"audioPlay":false,"sceneViewState":{"showFog":true,"showMaterialUpdate":false,"showSkybox":false,"showFlares":true,"showImageEffects":true,"showParticleSystems":true},"in2DMode":false,"pivot":{"x":9.67894458770752,"y":-0.41642600297927859,"z":3.4216485023498537},"rotation":{"x":-0.07311117649078369,"y":-0.7045738101005554,"z":0.07347193360328675,"w":-0.7023440003395081},"size":12.098274230957032,"orthographic":false}