{"cameraMode":{"drawMode":0,"name":"Shaded","section":"Shading Mode"},"sceneLighting":false,"audioPlay":false,"sceneViewState":{"showFog":true,"showMaterialUpdate":false,"showSkybox":false,"showFlares":true,"showImageEffects":true,"showParticleSystems":true},"in2DMode":false,"pivot":{"x":12.835053443908692,"y":14.029999732971192,"z":39.02825927734375},"rotation":{"x":0.027457887306809427,"y":-0.9124113321304321,"z":0.06196628138422966,"w":0.4042094349861145},"size":22.0,"orthographic":false}