{"cameraMode":{"drawMode":0,"name":"Shaded","section":"Shading Mode"},"sceneLighting":false,"audioPlay":false,"sceneViewState":{"showFog":true,"showMaterialUpdate":false,"showSkybox":false,"showFlares":true,"showImageEffects":true,"showParticleSystems":true},"in2DMode":false,"pivot":{"x":1.172108769416809,"y":0.5051997303962708,"z":-0.2602594494819641},"rotation":{"x":0.06705758720636368,"y":-0.14577874541282655,"z":0.009843666106462479,"w":0.9872264266014099},"size":2.0340046882629396,"orthographic":false}