{"cameraMode":{"drawMode":0,"name":"Shaded","section":"Shading Mode"},"sceneLighting":false,"audioPlay":false,"sceneViewState":{"showFog":true,"showMaterialUpdate":false,"showSkybox":false,"showFlares":true,"showImageEffects":true,"showParticleSystems":true},"in2DMode":false,"pivot":{"x":0.71942538022995,"y":11.51535415649414,"z":-0.7705442905426025},"rotation":{"x":-0.07694157212972641,"y":0.7003520131111145,"z":-0.07599876821041107,"w":-0.7061593532562256},"size":25.8212947845459,"orthographic":false}