{"cameraMode":{"drawMode":0,"name":"Shaded","section":"Shading Mode"},"sceneLighting":false,"audioPlay":false,"sceneViewState":{"showFog":true,"showMaterialUpdate":false,"showSkybox":false,"showFlares":true,"showImageEffects":true,"showParticleSystems":true},"in2DMode":false,"pivot":{"x":-3.374896287918091,"y":1.1832810640335084,"z":-0.3895937204360962},"rotation":{"x":0.008697367273271084,"y":0.750794529914856,"z":0.00991481076925993,"w":-0.6606687903404236},"size":7.891455173492432,"orthographic":false}