{"cameraMode":{"drawMode":0,"name":"Shaded","section":"Shading Mode"},"sceneLighting":false,"audioPlay":false,"sceneViewState":{"showFog":true,"showMaterialUpdate":false,"showSkybox":false,"showFlares":true,"showImageEffects":true,"showParticleSystems":true},"in2DMode":false,"pivot":{"x":48.2486572265625,"y":1.4404884576797486,"z":-6.395763874053955},"rotation":{"x":0.011490480974316597,"y":-0.8150212168693543,"z":-0.017220374196767808,"w":-0.5796884894371033},"size":2.8578836917877199,"orthographic":false}